Q1,Country,I have no fears about a more connected future,Other (please specify),The loss of privacy,less safe,lose touch,Q5 total,no fear ratio,other ratio,The loss of privacy ratio,less safe ratio,lose touch ratio
Average User,Afghanistan,0,0,1,0,0,1,0.0,0.0,1.0,0.0,0.0
Average User,Albania,1,1,6,6,5,19,0.05263157894736842,0.05263157894736842,0.3157894736842105,0.3157894736842105,0.2631578947368421
Average User,Algeria,43,13,94,45,93,288,0.14930555555555555,0.04513888888888889,0.3263888888888889,0.15625,0.3229166666666667
Average User,Andorra,0,0,2,1,0,3,0.0,0.0,0.6666666666666666,0.3333333333333333,0.0
Average User,Angola,1,1,3,3,1,9,0.1111111111111111,0.1111111111111111,0.3333333333333333,0.3333333333333333,0.1111111111111111
Average User,Anonymous Proxy,0,0,1,1,1,3,0.0,0.0,0.3333333333333333,0.3333333333333333,0.3333333333333333
Average User,Argentina,196,131,537,144,417,1425,0.1375438596491228,0.09192982456140351,0.37684210526315787,0.10105263157894737,0.2926315789473684
Average User,Armenia,0,0,2,0,0,2,0.0,0.0,1.0,0.0,0.0
Average User,Aruba,0,0,0,0,2,2,0.0,0.0,0.0,0.0,1.0
Average User,Asia/Pacific Region,0,0,0,0,2,2,0.0,0.0,0.0,0.0,1.0
Average User,Australia,85,147,538,197,212,1179,0.0720949957591179,0.12468193384223919,0.45631891433418154,0.1670907548770144,0.179813401187447
Average User,Austria,56,77,380,104,186,803,0.06973848069738481,0.0958904109589041,0.47322540473225405,0.1295143212951432,0.23163138231631383
Average User,Bahamas,0,0,1,1,0,2,0.0,0.0,0.5,0.5,0.0
Average User,Bahrain,0,1,2,1,0,4,0.0,0.25,0.5,0.25,0.0
Average User,Bangladesh,11,1,42,29,34,117,0.09401709401709402,0.008547008547008548,0.358974358974359,0.24786324786324787,0.2905982905982906
Average User,Barbados,0,0,1,1,3,5,0.0,0.0,0.2,0.2,0.6
Average User,Belarus,0,0,2,1,0,3,0.0,0.0,0.6666666666666666,0.3333333333333333,0.0
Average User,Belgium,53,134,499,118,266,1070,0.04953271028037383,0.1252336448598131,0.4663551401869159,0.1102803738317757,0.2485981308411215
Average User,Belize,0,0,2,0,0,2,0.0,0.0,1.0,0.0,0.0
Average User,Benin,6,2,11,13,5,37,0.16216216216216217,0.05405405405405406,0.2972972972972973,0.35135135135135137,0.13513513513513514
Average User,Bolivia,28,7,74,25,52,186,0.15053763440860216,0.03763440860215054,0.3978494623655914,0.13440860215053763,0.27956989247311825
Average User,Bosnia and Herzegovina,1,0,7,4,1,13,0.07692307692307693,0.0,0.5384615384615384,0.3076923076923077,0.07692307692307693
Average User,Botswana,1,0,1,2,1,5,0.2,0.0,0.2,0.4,0.2
Average User,Brazil,686,417,2171,857,1397,5528,0.12409551374819103,0.0754341534008683,0.39272793053545585,0.1550289435600579,0.25271345875542695
Average User,Brunei Darussalam,0,1,2,2,2,7,0.0,0.14285714285714285,0.2857142857142857,0.2857142857142857,0.2857142857142857
Average User,Bulgaria,7,3,9,7,9,35,0.2,0.08571428571428572,0.2571428571428571,0.2,0.2571428571428571
Average User,Burkina Faso,3,5,12,8,1,29,0.10344827586206896,0.1724137931034483,0.41379310344827586,0.27586206896551724,0.034482758620689655
Average User,Burundi,1,0,2,3,0,6,0.16666666666666666,0.0,0.3333333333333333,0.5,0.0
Average User,Cambodia,0,0,10,4,4,18,0.0,0.0,0.5555555555555556,0.2222222222222222,0.2222222222222222
Average User,Cameroon,16,10,49,21,18,114,0.14035087719298245,0.08771929824561403,0.4298245614035088,0.18421052631578946,0.15789473684210525
Average User,Canada,142,250,900,262,462,2016,0.07043650793650794,0.12400793650793651,0.44642857142857145,0.12996031746031747,0.22916666666666666
Average User,Cape Verde,3,0,1,0,1,5,0.6,0.0,0.2,0.0,0.2
Average User,Central African Republic,0,1,0,0,0,1,0.0,1.0,0.0,0.0,0.0
Average User,Chad,1,0,1,1,3,6,0.16666666666666666,0.0,0.16666666666666666,0.16666666666666666,0.5
Average User,Chile,55,45,258,45,187,590,0.09322033898305085,0.07627118644067797,0.43728813559322033,0.07627118644067797,0.3169491525423729
Average User,China,0,2,16,8,7,33,0.0,0.06060606060606061,0.48484848484848486,0.24242424242424243,0.21212121212121213
Average User,Christmas Island,0,0,0,1,0,1,0.0,0.0,0.0,1.0,0.0
Average User,Colombia,90,58,449,111,257,965,0.09326424870466321,0.06010362694300518,0.46528497409326425,0.11502590673575129,0.26632124352331604
Average User,Comoros,0,0,0,0,1,1,0.0,0.0,0.0,0.0,1.0
Average User,Congo,0,0,1,1,2,4,0.0,0.0,0.25,0.25,0.5
Average User,"Congo, The Democratic Republic of the",4,3,7,4,4,22,0.18181818181818182,0.13636363636363635,0.3181818181818182,0.18181818181818182,0.18181818181818182
Average User,Costa Rica,17,13,86,14,53,183,0.09289617486338798,0.07103825136612021,0.46994535519125685,0.07650273224043716,0.2896174863387978
Average User,Cote D'Ivoire,3,5,55,27,12,102,0.029411764705882353,0.049019607843137254,0.5392156862745098,0.2647058823529412,0.11764705882352941
Average User,Croatia,6,3,23,7,11,50,0.12,0.06,0.46,0.14,0.22
Average User,Cuba,9,1,18,2,8,38,0.23684210526315788,0.02631578947368421,0.47368421052631576,0.05263157894736842,0.21052631578947367
Average User,Curacao,0,0,1,2,1,4,0.0,0.0,0.25,0.5,0.25
Average User,Cyprus,2,2,6,6,0,16,0.125,0.125,0.375,0.375,0.0
Average User,Czech Republic,1,2,13,6,10,32,0.03125,0.0625,0.40625,0.1875,0.3125
Average User,Denmark,4,3,27,10,15,59,0.06779661016949153,0.05084745762711865,0.4576271186440678,0.1694915254237288,0.2542372881355932
Average User,Djibouti,1,0,2,2,1,6,0.16666666666666666,0.0,0.3333333333333333,0.3333333333333333,0.16666666666666666
Average User,Dominica,0,0,1,0,0,1,0.0,0.0,1.0,0.0,0.0
Average User,Dominican Republic,11,3,41,9,23,87,0.12643678160919541,0.034482758620689655,0.47126436781609193,0.10344827586206896,0.26436781609195403
Average User,Ecuador,72,36,274,74,200,656,0.10975609756097561,0.054878048780487805,0.4176829268292683,0.11280487804878049,0.3048780487804878
Average User,Egypt,6,4,9,4,7,30,0.2,0.13333333333333333,0.3,0.13333333333333333,0.23333333333333334
Average User,El Salvador,13,15,60,16,53,157,0.08280254777070063,0.09554140127388536,0.3821656050955414,0.10191082802547771,0.3375796178343949
Average User,Equatorial Guinea,0,0,1,0,1,2,0.0,0.0,0.5,0.0,0.5
Average User,Estonia,1,0,3,3,3,10,0.1,0.0,0.3,0.3,0.3
Average User,Ethiopia,1,0,2,3,3,9,0.1111111111111111,0.0,0.2222222222222222,0.3333333333333333,0.3333333333333333
Average User,Europe,1,3,26,11,10,51,0.0196078431372549,0.058823529411764705,0.5098039215686274,0.21568627450980393,0.19607843137254902
Average User,Fiji,1,0,5,0,1,7,0.14285714285714285,0.0,0.7142857142857143,0.0,0.14285714285714285
Average User,Finland,2,3,22,16,13,56,0.03571428571428571,0.05357142857142857,0.39285714285714285,0.2857142857142857,0.23214285714285715
Average User,France,517,1456,6172,1509,3689,13343,0.038746908491343775,0.10912088735666642,0.46256464063553926,0.1130930075695121,0.2764745559469385
Average User,French Guiana,0,2,10,3,8,23,0.0,0.08695652173913043,0.43478260869565216,0.13043478260869565,0.34782608695652173
Average User,French Polynesia,3,5,22,3,10,43,0.06976744186046512,0.11627906976744186,0.5116279069767442,0.06976744186046512,0.23255813953488372
Average User,Gabon,4,0,6,5,3,18,0.2222222222222222,0.0,0.3333333333333333,0.2777777777777778,0.16666666666666666
Average User,Georgia,0,0,3,0,0,3,0.0,0.0,1.0,0.0,0.0
Average User,Germany,814,861,4812,1475,2625,10587,0.07688674789836591,0.08132615471805044,0.4545196939642958,0.139321809766695,0.2479455936525928
Average User,Ghana,2,1,15,5,6,29,0.06896551724137931,0.034482758620689655,0.5172413793103449,0.1724137931034483,0.20689655172413793
Average User,Gibraltar,0,0,0,1,0,1,0.0,0.0,0.0,1.0,0.0
Average User,Greece,11,5,48,19,27,110,0.1,0.045454545454545456,0.43636363636363634,0.17272727272727273,0.24545454545454545
Average User,Guadeloupe,2,6,17,11,17,53,0.03773584905660377,0.11320754716981132,0.32075471698113206,0.20754716981132076,0.32075471698113206
Average User,Guam,0,1,0,0,0,1,0.0,1.0,0.0,0.0,0.0
Average User,Guatemala,10,5,87,20,53,175,0.05714285714285714,0.02857142857142857,0.49714285714285716,0.11428571428571428,0.3028571428571429
Average User,Guernsey,2,0,0,2,1,5,0.4,0.0,0.0,0.4,0.2
Average User,Guinea,5,0,6,5,1,17,0.29411764705882354,0.0,0.35294117647058826,0.29411764705882354,0.058823529411764705
Average User,Guyana,3,0,1,1,0,5,0.6,0.0,0.2,0.2,0.0
Average User,Haiti,2,0,4,2,3,11,0.18181818181818182,0.0,0.36363636363636365,0.18181818181818182,0.2727272727272727
Average User,Holy See (Vatican City State),0,0,0,0,2,2,0.0,0.0,0.0,0.0,1.0
Average User,Honduras,9,2,33,11,19,74,0.12162162162162163,0.02702702702702703,0.44594594594594594,0.14864864864864866,0.25675675675675674
Average User,Hong Kong,0,2,7,3,2,14,0.0,0.14285714285714285,0.5,0.21428571428571427,0.14285714285714285
Average User,Hungary,1,4,18,7,11,41,0.024390243902439025,0.0975609756097561,0.43902439024390244,0.17073170731707318,0.2682926829268293
Average User,Iceland,0,2,4,1,2,9,0.0,0.2222222222222222,0.4444444444444444,0.1111111111111111,0.2222222222222222
Average User,India,130,48,452,203,289,1122,0.11586452762923351,0.0427807486631016,0.4028520499108734,0.18092691622103388,0.25757575757575757
Average User,Indonesia,27,15,101,44,87,274,0.09854014598540146,0.05474452554744526,0.3686131386861314,0.16058394160583941,0.3175182481751825
Average User,"Iran, Islamic Republic of",8,1,23,11,15,58,0.13793103448275862,0.017241379310344827,0.39655172413793105,0.1896551724137931,0.25862068965517243
Average User,Iraq,1,1,2,1,0,5,0.2,0.2,0.4,0.2,0.0
Average User,Ireland,6,7,78,14,33,138,0.043478260869565216,0.050724637681159424,0.5652173913043478,0.10144927536231885,0.2391304347826087
Average User,Isle of Man,0,2,3,1,2,8,0.0,0.25,0.375,0.125,0.25
Average User,Israel,3,3,16,7,11,40,0.075,0.075,0.4,0.175,0.275
Average User,Italy,611,632,2997,2190,6396,12826,0.04763761110244815,0.04927491033837517,0.2336659909558709,0.17074692031810385,0.49867456728520193
Average User,Jamaica,2,0,12,3,2,19,0.10526315789473684,0.0,0.631578947368421,0.15789473684210525,0.10526315789473684
Average User,Japan,4,1,28,13,10,56,0.07142857142857142,0.017857142857142856,0.5,0.23214285714285715,0.17857142857142858
Average User,Jersey,1,0,2,4,1,8,0.125,0.0,0.25,0.5,0.125
Average User,Jordan,1,0,0,1,3,5,0.2,0.0,0.0,0.2,0.6
Average User,Kazakhstan,0,0,0,2,0,2,0.0,0.0,0.0,1.0,0.0
Average User,Kenya,20,1,43,12,20,96,0.20833333333333334,0.010416666666666666,0.4479166666666667,0.125,0.20833333333333334
Average User,"Korea, Republic of",1,1,4,2,3,11,0.09090909090909091,0.09090909090909091,0.36363636363636365,0.18181818181818182,0.2727272727272727
Average User,Kuwait,0,1,2,2,4,9,0.0,0.1111111111111111,0.2222222222222222,0.2222222222222222,0.4444444444444444
Average User,Kyrgyzstan,0,0,0,0,1,1,0.0,0.0,0.0,0.0,1.0
Average User,Lao People's Democratic Republic,2,0,2,0,0,4,0.5,0.0,0.5,0.0,0.0
Average User,Latvia,0,0,4,1,0,5,0.0,0.0,0.8,0.2,0.0
Average User,Lebanon,1,0,4,2,4,11,0.09090909090909091,0.0,0.36363636363636365,0.18181818181818182,0.36363636363636365
Average User,Lesotho,1,0,0,0,0,1,1.0,0.0,0.0,0.0,0.0
Average User,Liberia,0,0,1,1,0,2,0.0,0.0,0.5,0.5,0.0
Average User,Liechtenstein,0,0,2,0,0,2,0.0,0.0,1.0,0.0,0.0
Average User,Lithuania,0,0,3,7,1,11,0.0,0.0,0.2727272727272727,0.6363636363636364,0.09090909090909091
Average User,Luxembourg,6,11,40,11,23,91,0.06593406593406594,0.12087912087912088,0.43956043956043955,0.12087912087912088,0.25274725274725274
Average User,Macedonia,0,0,3,0,1,4,0.0,0.0,0.75,0.0,0.25
Average User,Madagascar,7,3,27,19,23,79,0.08860759493670886,0.0379746835443038,0.34177215189873417,0.24050632911392406,0.2911392405063291
Average User,Malawi,1,0,4,1,0,6,0.16666666666666666,0.0,0.6666666666666666,0.16666666666666666,0.0
Average User,Malaysia,11,4,61,11,24,111,0.0990990990990991,0.036036036036036036,0.5495495495495496,0.0990990990990991,0.21621621621621623
Average User,Maldives,0,0,2,0,0,2,0.0,0.0,1.0,0.0,0.0
Average User,Mali,3,1,10,5,1,20,0.15,0.05,0.5,0.25,0.05
Average User,Malta,1,1,4,4,6,16,0.0625,0.0625,0.25,0.25,0.375
Average User,Marshall Islands,0,1,0,0,0,1,0.0,1.0,0.0,0.0,0.0
Average User,Martinique,5,4,19,6,11,45,0.1111111111111111,0.08888888888888889,0.4222222222222222,0.13333333333333333,0.24444444444444444
Average User,Mauritania,0,0,0,0,1,1,0.0,0.0,0.0,0.0,1.0
Average User,Mauritius,1,2,19,1,5,28,0.03571428571428571,0.07142857142857142,0.6785714285714286,0.03571428571428571,0.17857142857142858
Average User,Mayotte,1,0,5,4,3,13,0.07692307692307693,0.0,0.38461538461538464,0.3076923076923077,0.23076923076923078
Average User,Mexico,284,177,1338,359,816,2974,0.09549428379287156,0.05951580363147276,0.44989912575655683,0.1207128446536651,0.27437794216543376
Average User,"Moldova, Republic of",0,0,2,0,2,4,0.0,0.0,0.5,0.0,0.5
Average User,Monaco,0,1,2,1,5,9,0.0,0.1111111111111111,0.2222222222222222,0.1111111111111111,0.5555555555555556
Average User,Mongolia,0,2,2,0,1,5,0.0,0.4,0.4,0.0,0.2
Average User,Montenegro,1,0,1,0,0,2,0.5,0.0,0.5,0.0,0.0
Average User,Morocco,28,7,70,43,69,217,0.12903225806451613,0.03225806451612903,0.3225806451612903,0.19815668202764977,0.31797235023041476
Average User,Mozambique,4,0,4,1,6,15,0.26666666666666666,0.0,0.26666666666666666,0.06666666666666667,0.4
Average User,Myanmar,5,0,13,5,4,27,0.18518518518518517,0.0,0.48148148148148145,0.18518518518518517,0.14814814814814814
Average User,Namibia,0,0,4,0,7,11,0.0,0.0,0.36363636363636365,0.0,0.6363636363636364
Average User,Nepal,5,3,17,4,4,33,0.15151515151515152,0.09090909090909091,0.5151515151515151,0.12121212121212122,0.12121212121212122
Average User,Netherlands,21,18,94,38,47,218,0.0963302752293578,0.08256880733944955,0.43119266055045874,0.1743119266055046,0.21559633027522937
Average User,New Caledonia,2,5,36,6,23,72,0.027777777777777776,0.06944444444444445,0.5,0.08333333333333333,0.3194444444444444
Average User,New Zealand,12,32,134,62,69,309,0.038834951456310676,0.10355987055016182,0.4336569579288026,0.20064724919093851,0.22330097087378642
Average User,Nicaragua,11,3,47,7,20,88,0.125,0.03409090909090909,0.5340909090909091,0.07954545454545454,0.22727272727272727
Average User,Niger,2,1,7,3,0,13,0.15384615384615385,0.07692307692307693,0.5384615384615384,0.23076923076923078,0.0
Average User,Nigeria,14,5,34,15,10,78,0.1794871794871795,0.0641025641025641,0.4358974358974359,0.19230769230769232,0.1282051282051282
Average User,Northern Mariana Islands,1,0,0,0,0,1,1.0,0.0,0.0,0.0,0.0
Average User,Norway,4,5,36,12,9,66,0.06060606060606061,0.07575757575757576,0.5454545454545454,0.18181818181818182,0.13636363636363635
Average User,Oman,0,1,3,0,1,5,0.0,0.2,0.6,0.0,0.2
Average User,Pakistan,8,2,46,18,20,94,0.0851063829787234,0.02127659574468085,0.48936170212765956,0.19148936170212766,0.2127659574468085
Average User,Palestinian Territory,0,0,1,0,0,1,0.0,0.0,1.0,0.0,0.0
Average User,Panama,5,5,29,5,17,61,0.08196721311475409,0.08196721311475409,0.47540983606557374,0.08196721311475409,0.2786885245901639
Average User,Papua New Guinea,0,1,4,0,0,5,0.0,0.2,0.8,0.0,0.0
Average User,Paraguay,16,3,62,16,26,123,0.13008130081300814,0.024390243902439025,0.5040650406504065,0.13008130081300814,0.21138211382113822
Average User,Peru,51,20,162,41,95,369,0.13821138211382114,0.05420054200542006,0.43902439024390244,0.1111111111111111,0.25745257452574527
Average User,Philippines,10,13,88,33,33,177,0.05649717514124294,0.07344632768361582,0.4971751412429379,0.1864406779661017,0.1864406779661017
Average User,Poland,1,3,10,6,7,27,0.037037037037037035,0.1111111111111111,0.37037037037037035,0.2222222222222222,0.25925925925925924
Average User,Portugal,4,6,50,16,26,102,0.0392156862745098,0.058823529411764705,0.49019607843137253,0.1568627450980392,0.2549019607843137
Average User,Puerto Rico,6,0,26,5,8,45,0.13333333333333333,0.0,0.5777777777777777,0.1111111111111111,0.17777777777777778
Average User,Qatar,0,1,4,2,3,10,0.0,0.1,0.4,0.2,0.3
Average User,Reunion,7,13,79,31,40,170,0.041176470588235294,0.07647058823529412,0.4647058823529412,0.18235294117647058,0.23529411764705882
Average User,Romania,10,3,29,17,22,81,0.12345679012345678,0.037037037037037035,0.35802469135802467,0.20987654320987653,0.2716049382716049
Average User,Russian Federation,3,3,12,3,9,30,0.1,0.1,0.4,0.1,0.3
Average User,Rwanda,1,0,4,0,1,6,0.16666666666666666,0.0,0.6666666666666666,0.0,0.16666666666666666
Average User,Saint Kitts and Nevis,0,0,0,0,1,1,0.0,0.0,0.0,0.0,1.0
Average User,Saint Lucia,0,0,0,1,0,1,0.0,0.0,0.0,1.0,0.0
Average User,Saint Martin,0,0,0,0,1,1,0.0,0.0,0.0,0.0,1.0
Average User,Saint Pierre and Miquelon,0,1,0,0,0,1,0.0,1.0,0.0,0.0,0.0
Average User,Saint Vincent and the Grenadines,0,0,1,0,0,1,0.0,0.0,1.0,0.0,0.0
Average User,San Marino,0,2,0,1,3,6,0.0,0.3333333333333333,0.0,0.16666666666666666,0.5
Average User,Sao Tome and Principe,1,0,0,0,0,1,1.0,0.0,0.0,0.0,0.0
Average User,Saudi Arabia,2,0,5,4,8,19,0.10526315789473684,0.0,0.2631578947368421,0.21052631578947367,0.42105263157894735
Average User,Senegal,3,2,31,10,12,58,0.05172413793103448,0.034482758620689655,0.5344827586206896,0.1724137931034483,0.20689655172413793
Average User,Serbia,6,0,20,4,11,41,0.14634146341463414,0.0,0.4878048780487805,0.0975609756097561,0.2682926829268293
Average User,Seychelles,0,0,0,2,1,3,0.0,0.0,0.0,0.6666666666666666,0.3333333333333333
Average User,Singapore,5,5,26,9,12,57,0.08771929824561403,0.08771929824561403,0.45614035087719296,0.15789473684210525,0.21052631578947367
Average User,Slovakia,2,3,3,4,2,14,0.14285714285714285,0.21428571428571427,0.21428571428571427,0.2857142857142857,0.14285714285714285
Average User,Slovenia,2,0,6,4,2,14,0.14285714285714285,0.0,0.42857142857142855,0.2857142857142857,0.14285714285714285
Average User,Somalia,0,0,0,0,1,1,0.0,0.0,0.0,0.0,1.0
Average User,South Africa,16,13,76,33,26,164,0.0975609756097561,0.07926829268292683,0.4634146341463415,0.20121951219512196,0.15853658536585366
Average User,Spain,186,201,1202,317,528,2434,0.07641741988496302,0.08258011503697617,0.4938373048479869,0.13023829087921118,0.21692686935086278
Average User,Sri Lanka,8,1,11,7,7,34,0.23529411764705882,0.029411764705882353,0.3235294117647059,0.20588235294117646,0.20588235294117646
Average User,Sudan,0,0,6,0,0,6,0.0,0.0,1.0,0.0,0.0
Average User,Swaziland,0,0,2,0,0,2,0.0,0.0,1.0,0.0,0.0
Average User,Sweden,4,11,31,12,17,75,0.05333333333333334,0.14666666666666667,0.41333333333333333,0.16,0.22666666666666666
Average User,Switzerland,109,149,588,241,442,1529,0.07128842380640942,0.0974493132766514,0.38456507521255723,0.15761935905820798,0.289077828646174
Average User,Taiwan,2,0,4,3,2,11,0.18181818181818182,0.0,0.36363636363636365,0.2727272727272727,0.18181818181818182
Average User,"Tanzania, United Republic of",4,2,9,3,2,20,0.2,0.1,0.45,0.15,0.1
Average User,Thailand,8,5,31,16,15,75,0.10666666666666667,0.06666666666666667,0.41333333333333333,0.21333333333333335,0.2
Average User,Togo,2,1,13,10,0,26,0.07692307692307693,0.038461538461538464,0.5,0.38461538461538464,0.0
Average User,Tonga,0,0,1,0,0,1,0.0,0.0,1.0,0.0,0.0
Average User,Trinidad and Tobago,0,1,6,1,4,12,0.0,0.08333333333333333,0.5,0.08333333333333333,0.3333333333333333
Average User,Tunisia,4,3,29,18,27,81,0.04938271604938271,0.037037037037037035,0.35802469135802467,0.2222222222222222,0.3333333333333333
Average User,Turkey,2,2,10,5,5,24,0.08333333333333333,0.08333333333333333,0.4166666666666667,0.20833333333333334,0.20833333333333334
Average User,Uganda,2,1,7,3,5,18,0.1111111111111111,0.05555555555555555,0.3888888888888889,0.16666666666666666,0.2777777777777778
Average User,Ukraine,2,0,5,3,2,12,0.16666666666666666,0.0,0.4166666666666667,0.25,0.16666666666666666
Average User,United Arab Emirates,3,2,14,4,12,35,0.08571428571428572,0.05714285714285714,0.4,0.11428571428571428,0.34285714285714286
Average User,United Kingdom,113,241,870,614,311,2149,0.05258259655653792,0.11214518380642159,0.40483946021405304,0.2857142857142857,0.14471847370870172
Average User,United States,447,1126,4306,1717,1469,9065,0.04931053502482074,0.12421400992829565,0.4750137892995036,0.18940981798124656,0.1620518477661335
Average User,Uruguay,36,18,91,22,55,222,0.16216216216216217,0.08108108108108109,0.4099099099099099,0.0990990990990991,0.24774774774774774
Average User,Uzbekistan,0,0,0,0,1,1,0.0,0.0,0.0,0.0,1.0
Average User,Vanuatu,0,0,1,0,0,1,0.0,0.0,1.0,0.0,0.0
Average User,Venezuela,160,34,322,84,173,773,0.2069857697283312,0.04398447606727038,0.4165588615782665,0.10866752910737387,0.2238033635187581
Average User,Vietnam,2,1,16,7,4,30,0.06666666666666667,0.03333333333333333,0.5333333333333333,0.23333333333333334,0.13333333333333333
Average User,"Virgin Islands, U.S.",0,0,0,1,0,1,0.0,0.0,0.0,1.0,0.0
Average User,Yemen,0,0,0,0,1,1,0.0,0.0,0.0,0.0,1.0
Average User,Zambia,0,0,5,2,5,12,0.0,0.0,0.4166666666666667,0.16666666666666666,0.4166666666666667
Average User,Zimbabwe,7,2,7,2,3,21,0.3333333333333333,0.09523809523809523,0.3333333333333333,0.09523809523809523,0.14285714285714285
Luddite,Afghanistan,0,0,0,0,1,1,0.0,0.0,0.0,0.0,1.0
Luddite,Albania,0,1,0,0,0,1,0.0,1.0,0.0,0.0,0.0
Luddite,Algeria,8,7,20,12,29,76,0.10526315789473684,0.09210526315789473,0.2631578947368421,0.15789473684210525,0.3815789473684211
Luddite,Andorra,0,0,1,0,0,1,0.0,0.0,1.0,0.0,0.0
Luddite,Angola,0,0,0,1,0,1,0.0,0.0,0.0,1.0,0.0
Luddite,Anonymous Proxy,0,1,1,0,0,2,0.0,0.5,0.5,0.0,0.0
Luddite,Argentina,13,13,41,12,41,120,0.10833333333333334,0.10833333333333334,0.3416666666666667,0.1,0.3416666666666667
Luddite,Aruba,0,0,0,1,0,1,0.0,0.0,0.0,1.0,0.0
Luddite,Asia/Pacific Region,0,0,0,0,1,1,0.0,0.0,0.0,0.0,1.0
Luddite,Australia,3,10,29,14,19,75,0.04,0.13333333333333333,0.38666666666666666,0.18666666666666668,0.25333333333333335
Luddite,Austria,3,4,17,6,14,44,0.06818181818181818,0.09090909090909091,0.38636363636363635,0.13636363636363635,0.3181818181818182
Luddite,Bangladesh,4,0,7,4,2,17,0.23529411764705882,0.0,0.4117647058823529,0.23529411764705882,0.11764705882352941
Luddite,Barbados,0,0,1,0,0,1,0.0,0.0,1.0,0.0,0.0
Luddite,Belarus,0,0,0,0,1,1,0.0,0.0,0.0,0.0,1.0
Luddite,Belgium,3,11,42,14,31,101,0.0297029702970297,0.10891089108910891,0.4158415841584158,0.13861386138613863,0.3069306930693069
Luddite,Belize,0,0,1,0,0,1,0.0,0.0,1.0,0.0,0.0
Luddite,Benin,0,0,1,0,1,2,0.0,0.0,0.5,0.0,0.5
Luddite,Bhutan,0,0,1,0,0,1,0.0,0.0,1.0,0.0,0.0
Luddite,Bolivia,0,1,8,6,7,22,0.0,0.045454545454545456,0.36363636363636365,0.2727272727272727,0.3181818181818182
Luddite,Botswana,0,0,1,0,0,1,0.0,0.0,1.0,0.0,0.0
Luddite,Brazil,39,51,141,56,111,398,0.09798994974874371,0.12814070351758794,0.3542713567839196,0.1407035175879397,0.27889447236180903
Luddite,Bulgaria,0,0,2,0,1,3,0.0,0.0,0.6666666666666666,0.0,0.3333333333333333
Luddite,Burkina Faso,0,0,3,4,2,9,0.0,0.0,0.3333333333333333,0.4444444444444444,0.2222222222222222
Luddite,Burundi,0,0,2,0,0,2,0.0,0.0,1.0,0.0,0.0
Luddite,Cambodia,0,0,0,0,1,1,0.0,0.0,0.0,0.0,1.0
Luddite,Cameroon,4,0,3,3,4,14,0.2857142857142857,0.0,0.21428571428571427,0.21428571428571427,0.2857142857142857
Luddite,Canada,6,28,45,12,33,124,0.04838709677419355,0.22580645161290322,0.3629032258064516,0.0967741935483871,0.2661290322580645
Luddite,Chad,0,1,0,0,0,1,0.0,1.0,0.0,0.0,0.0
Luddite,Chile,3,2,12,7,14,38,0.07894736842105263,0.05263157894736842,0.3157894736842105,0.18421052631578946,0.3684210526315789
Luddite,China,0,0,1,0,0,1,0.0,0.0,1.0,0.0,0.0
Luddite,Colombia,4,5,37,8,29,83,0.04819277108433735,0.060240963855421686,0.4457831325301205,0.0963855421686747,0.3493975903614458
Luddite,"Congo, The Democratic Republic of the",0,0,0,1,0,1,0.0,0.0,0.0,1.0,0.0
Luddite,Costa Rica,3,1,3,3,5,15,0.2,0.06666666666666667,0.2,0.2,0.3333333333333333
Luddite,Cote D'Ivoire,0,1,8,4,1,14,0.0,0.07142857142857142,0.5714285714285714,0.2857142857142857,0.07142857142857142
Luddite,Croatia,0,0,0,0,1,1,0.0,0.0,0.0,0.0,1.0
Luddite,Cuba,0,2,3,0,0,5,0.0,0.4,0.6,0.0,0.0
Luddite,Czech Republic,0,0,2,0,0,2,0.0,0.0,1.0,0.0,0.0
Luddite,Denmark,0,0,0,1,2,3,0.0,0.0,0.0,0.3333333333333333,0.6666666666666666
Luddite,Djibouti,1,0,0,0,0,1,1.0,0.0,0.0,0.0,0.0
Luddite,Dominican Republic,0,0,1,0,0,1,0.0,0.0,1.0,0.0,0.0
Luddite,Ecuador,5,7,29,7,19,67,0.07462686567164178,0.1044776119402985,0.43283582089552236,0.1044776119402985,0.2835820895522388
Luddite,Egypt,1,1,1,1,2,6,0.16666666666666666,0.16666666666666666,0.16666666666666666,0.16666666666666666,0.3333333333333333
Luddite,El Salvador,1,1,9,4,4,19,0.05263157894736842,0.05263157894736842,0.47368421052631576,0.21052631578947367,0.21052631578947367
Luddite,Ethiopia,1,0,2,0,1,4,0.25,0.0,0.5,0.0,0.25
Luddite,Europe,0,0,2,0,1,3,0.0,0.0,0.6666666666666666,0.0,0.3333333333333333
Luddite,Fiji,0,0,1,0,0,1,0.0,0.0,1.0,0.0,0.0
Luddite,Finland,1,0,2,0,1,4,0.25,0.0,0.5,0.0,0.25
Luddite,France,49,221,614,143,455,1482,0.033063427800269905,0.14912280701754385,0.4143049932523617,0.09649122807017543,0.30701754385964913
Luddite,French Guiana,0,0,0,1,0,1,0.0,0.0,0.0,1.0,0.0
Luddite,French Polynesia,0,0,3,1,1,5,0.0,0.0,0.6,0.2,0.2
Luddite,Gabon,1,0,2,0,2,5,0.2,0.0,0.4,0.0,0.4
Luddite,Germany,58,93,229,118,212,710,0.08169014084507042,0.13098591549295774,0.32253521126760565,0.16619718309859155,0.29859154929577464
Luddite,Greece,1,0,2,1,2,6,0.16666666666666666,0.0,0.3333333333333333,0.16666666666666666,0.3333333333333333
Luddite,Grenada,0,0,0,1,0,1,0.0,0.0,0.0,1.0,0.0
Luddite,Guadeloupe,0,1,1,0,2,4,0.0,0.25,0.25,0.0,0.5
Luddite,Guatemala,0,1,8,2,6,17,0.0,0.058823529411764705,0.47058823529411764,0.11764705882352941,0.35294117647058826
Luddite,Honduras,0,1,1,0,1,3,0.0,0.3333333333333333,0.3333333333333333,0.0,0.3333333333333333
Luddite,Hong Kong,0,0,0,1,0,1,0.0,0.0,0.0,1.0,0.0
Luddite,Hungary,0,0,0,0,1,1,0.0,0.0,0.0,0.0,1.0
Luddite,India,18,14,43,20,43,138,0.13043478260869565,0.10144927536231885,0.3115942028985507,0.14492753623188406,0.3115942028985507
Luddite,Indonesia,7,2,16,5,15,45,0.15555555555555556,0.044444444444444446,0.35555555555555557,0.1111111111111111,0.3333333333333333
Luddite,"Iran, Islamic Republic of",2,0,2,1,2,7,0.2857142857142857,0.0,0.2857142857142857,0.14285714285714285,0.2857142857142857
Luddite,Ireland,0,1,3,1,3,8,0.0,0.125,0.375,0.125,0.375
Luddite,Isle of Man,0,0,1,0,0,1,0.0,0.0,1.0,0.0,0.0
Luddite,Israel,1,0,1,2,0,4,0.25,0.0,0.25,0.5,0.0
Luddite,Italy,55,137,234,185,776,1387,0.03965392934390771,0.09877433309300648,0.16870944484498918,0.13338139870223503,0.5594808940158615
Luddite,Jamaica,0,0,1,0,0,1,0.0,0.0,1.0,0.0,0.0
Luddite,Japan,0,0,1,1,1,3,0.0,0.0,0.3333333333333333,0.3333333333333333,0.3333333333333333
Luddite,Kenya,2,0,2,0,1,5,0.4,0.0,0.4,0.0,0.2
Luddite,"Korea, Republic of",0,0,4,0,0,4,0.0,0.0,1.0,0.0,0.0
Luddite,Lithuania,0,1,0,0,1,2,0.0,0.5,0.0,0.0,0.5
Luddite,Luxembourg,1,0,5,1,3,10,0.1,0.0,0.5,0.1,0.3
Luddite,Macedonia,1,0,0,0,0,1,1.0,0.0,0.0,0.0,0.0
Luddite,Madagascar,0,1,2,1,1,5,0.0,0.2,0.4,0.2,0.2
Luddite,Malaysia,4,0,5,1,1,11,0.36363636363636365,0.0,0.45454545454545453,0.09090909090909091,0.09090909090909091
Luddite,Mali,0,0,2,0,0,2,0.0,0.0,1.0,0.0,0.0
Luddite,Malta,0,0,2,0,2,4,0.0,0.0,0.5,0.0,0.5
Luddite,Martinique,0,0,2,1,6,9,0.0,0.0,0.2222222222222222,0.1111111111111111,0.6666666666666666
Luddite,Mauritius,0,0,0,0,1,1,0.0,0.0,0.0,0.0,1.0
Luddite,Mayotte,0,0,0,2,0,2,0.0,0.0,0.0,1.0,0.0
Luddite,Mexico,23,37,100,40,59,259,0.0888030888030888,0.14285714285714285,0.3861003861003861,0.15444015444015444,0.2277992277992278
Luddite,"Moldova, Republic of",0,0,1,0,0,1,0.0,0.0,1.0,0.0,0.0
Luddite,Mongolia,0,3,0,0,0,3,0.0,1.0,0.0,0.0,0.0
Luddite,Morocco,3,1,2,4,6,16,0.1875,0.0625,0.125,0.25,0.375
Luddite,Myanmar,0,0,0,1,1,2,0.0,0.0,0.0,0.5,0.5
Luddite,Namibia,0,0,0,0,1,1,0.0,0.0,0.0,0.0,1.0
Luddite,Nepal,1,0,4,4,1,10,0.1,0.0,0.4,0.4,0.1
Luddite,Netherlands,3,1,2,5,6,17,0.17647058823529413,0.058823529411764705,0.11764705882352941,0.29411764705882354,0.35294117647058826
Luddite,New Caledonia,1,0,0,1,0,2,0.5,0.0,0.0,0.5,0.0
Luddite,New Zealand,1,3,6,7,3,20,0.05,0.15,0.3,0.35,0.15
Luddite,Nicaragua,1,2,5,2,1,11,0.09090909090909091,0.18181818181818182,0.45454545454545453,0.18181818181818182,0.09090909090909091
Luddite,Niger,0,0,1,1,0,2,0.0,0.0,0.5,0.5,0.0
Luddite,Nigeria,2,0,4,1,1,8,0.25,0.0,0.5,0.125,0.125
Luddite,Norway,0,3,1,0,0,4,0.0,0.75,0.25,0.0,0.0
Luddite,Pakistan,2,0,9,3,4,18,0.1111111111111111,0.0,0.5,0.16666666666666666,0.2222222222222222
Luddite,Palestinian Territory,0,0,1,0,0,1,0.0,0.0,1.0,0.0,0.0
Luddite,Panama,0,0,9,2,0,11,0.0,0.0,0.8181818181818182,0.18181818181818182,0.0
Luddite,Paraguay,1,0,3,2,5,11,0.09090909090909091,0.0,0.2727272727272727,0.18181818181818182,0.45454545454545453
Luddite,Peru,2,7,25,3,7,44,0.045454545454545456,0.1590909090909091,0.5681818181818182,0.06818181818181818,0.1590909090909091
Luddite,Philippines,3,3,5,2,1,14,0.21428571428571427,0.21428571428571427,0.35714285714285715,0.14285714285714285,0.07142857142857142
Luddite,Poland,0,1,0,0,1,2,0.0,0.5,0.0,0.0,0.5
Luddite,Portugal,0,0,6,0,1,7,0.0,0.0,0.8571428571428571,0.0,0.14285714285714285
Luddite,Puerto Rico,0,0,3,1,1,5,0.0,0.0,0.6,0.2,0.2
Luddite,Reunion,1,1,10,12,10,34,0.029411764705882353,0.029411764705882353,0.29411764705882354,0.35294117647058826,0.29411764705882354
Luddite,Romania,1,0,0,1,1,3,0.3333333333333333,0.0,0.0,0.3333333333333333,0.3333333333333333
Luddite,Russian Federation,0,1,3,0,2,6,0.0,0.16666666666666666,0.5,0.0,0.3333333333333333
Luddite,San Marino,0,1,0,0,0,1,0.0,1.0,0.0,0.0,0.0
Luddite,Saudi Arabia,0,0,2,1,0,3,0.0,0.0,0.6666666666666666,0.3333333333333333,0.0
Luddite,Senegal,1,1,5,0,1,8,0.125,0.125,0.625,0.0,0.125
Luddite,Serbia,0,0,0,0,2,2,0.0,0.0,0.0,0.0,1.0
Luddite,Sierra Leone,0,0,1,1,0,2,0.0,0.0,0.5,0.5,0.0
Luddite,Singapore,0,0,2,2,1,5,0.0,0.0,0.4,0.4,0.2
Luddite,Slovakia,0,0,0,0,2,2,0.0,0.0,0.0,0.0,1.0
Luddite,Slovenia,0,0,3,1,0,4,0.0,0.0,0.75,0.25,0.0
Luddite,South Africa,1,0,8,3,2,14,0.07142857142857142,0.0,0.5714285714285714,0.21428571428571427,0.14285714285714285
Luddite,Spain,11,21,103,39,59,233,0.04721030042918455,0.09012875536480687,0.44206008583690987,0.16738197424892703,0.2532188841201717
Luddite,Sri Lanka,0,0,0,1,0,1,0.0,0.0,0.0,1.0,0.0
Luddite,Sudan,0,0,0,0,1,1,0.0,0.0,0.0,0.0,1.0
Luddite,Sweden,0,1,2,0,3,6,0.0,0.16666666666666666,0.3333333333333333,0.0,0.5
Luddite,Switzerland,5,14,32,15,34,100,0.05,0.14,0.32,0.15,0.34
Luddite,Syrian Arab Republic,1,0,0,0,0,1,1.0,0.0,0.0,0.0,0.0
Luddite,Taiwan,1,0,1,0,0,2,0.5,0.0,0.5,0.0,0.0
Luddite,Thailand,0,1,3,1,1,6,0.0,0.16666666666666666,0.5,0.16666666666666666,0.16666666666666666
Luddite,Togo,2,1,0,4,0,7,0.2857142857142857,0.14285714285714285,0.0,0.5714285714285714,0.0
Luddite,Tonga,0,0,0,1,0,1,0.0,0.0,0.0,1.0,0.0
Luddite,Tunisia,1,1,1,0,7,10,0.1,0.1,0.1,0.0,0.7
Luddite,Turkey,0,0,1,2,2,5,0.0,0.0,0.2,0.4,0.4
Luddite,Uganda,0,0,1,0,1,2,0.0,0.0,0.5,0.0,0.5
Luddite,Ukraine,0,0,1,0,2,3,0.0,0.0,0.3333333333333333,0.0,0.6666666666666666
Luddite,United Arab Emirates,1,0,1,0,0,2,0.5,0.0,0.5,0.0,0.0
Luddite,United Kingdom,4,25,41,43,23,136,0.029411764705882353,0.18382352941176472,0.3014705882352941,0.3161764705882353,0.16911764705882354
Luddite,United States,16,108,212,87,82,505,0.031683168316831684,0.21386138613861386,0.4198019801980198,0.17227722772277226,0.16237623762376238
Luddite,Uruguay,5,4,8,2,5,24,0.20833333333333334,0.16666666666666666,0.3333333333333333,0.08333333333333333,0.20833333333333334
Luddite,Venezuela,16,5,47,12,16,96,0.16666666666666666,0.052083333333333336,0.4895833333333333,0.125,0.16666666666666666
Luddite,Vietnam,0,0,2,2,1,5,0.0,0.0,0.4,0.4,0.2
Luddite,Zambia,0,0,0,0,1,1,0.0,0.0,0.0,0.0,1.0
Technically Savvy,Afghanistan,3,1,0,0,1,5,0.6,0.2,0.0,0.0,0.2
Technically Savvy,Albania,4,1,14,2,9,30,0.13333333333333333,0.03333333333333333,0.4666666666666667,0.06666666666666667,0.3
Technically Savvy,Algeria,26,11,83,43,60,223,0.11659192825112108,0.04932735426008968,0.3721973094170404,0.19282511210762332,0.26905829596412556
Technically Savvy,American Samoa,0,1,0,0,0,1,0.0,1.0,0.0,0.0,0.0
Technically Savvy,Andorra,0,0,1,1,1,3,0.0,0.0,0.3333333333333333,0.3333333333333333,0.3333333333333333
Technically Savvy,Angola,3,0,0,1,3,7,0.42857142857142855,0.0,0.0,0.14285714285714285,0.42857142857142855
Technically Savvy,Anguilla,0,0,0,0,1,1,0.0,0.0,0.0,0.0,1.0
Technically Savvy,Anonymous Proxy,0,1,17,2,1,21,0.0,0.047619047619047616,0.8095238095238095,0.09523809523809523,0.047619047619047616
Technically Savvy,Antigua and Barbuda,1,0,0,0,0,1,1.0,0.0,0.0,0.0,0.0
Technically Savvy,Argentina,160,72,561,137,285,1215,0.13168724279835392,0.05925925925925926,0.4617283950617284,0.11275720164609053,0.2345679012345679
Technically Savvy,Armenia,0,1,0,1,1,3,0.0,0.3333333333333333,0.0,0.3333333333333333,0.3333333333333333
Technically Savvy,Asia/Pacific Region,0,1,4,0,2,7,0.0,0.14285714285714285,0.5714285714285714,0.0,0.2857142857142857
Technically Savvy,Australia,60,101,445,122,150,878,0.0683371298405467,0.11503416856492027,0.5068337129840547,0.13895216400911162,0.17084282460136674
Technically Savvy,Austria,74,73,477,128,193,945,0.07830687830687831,0.07724867724867725,0.5047619047619047,0.13544973544973546,0.20423280423280424
Technically Savvy,Azerbaijan,0,0,0,0,1,1,0.0,0.0,0.0,0.0,1.0
Technically Savvy,Bahamas,0,0,2,2,1,5,0.0,0.0,0.4,0.4,0.2
Technically Savvy,Bahrain,1,0,7,2,1,11,0.09090909090909091,0.0,0.6363636363636364,0.18181818181818182,0.09090909090909091
Technically Savvy,Bangladesh,17,5,73,14,40,149,0.11409395973154363,0.03355704697986577,0.4899328859060403,0.09395973154362416,0.2684563758389262
Technically Savvy,Barbados,0,0,3,2,1,6,0.0,0.0,0.5,0.3333333333333333,0.16666666666666666
Technically Savvy,Belarus,2,0,8,4,3,17,0.11764705882352941,0.0,0.47058823529411764,0.23529411764705882,0.17647058823529413
Technically Savvy,Belgium,48,128,463,137,191,967,0.04963805584281282,0.13236814891416754,0.4788004136504654,0.14167528438469493,0.19751809720785937
Technically Savvy,Belize,0,1,1,0,1,3,0.0,0.3333333333333333,0.3333333333333333,0.0,0.3333333333333333
Technically Savvy,Benin,4,2,12,4,3,25,0.16,0.08,0.48,0.16,0.12
Technically Savvy,Bhutan,1,0,1,0,0,2,0.5,0.0,0.5,0.0,0.0
Technically Savvy,Bolivia,22,9,69,14,27,141,0.15602836879432624,0.06382978723404255,0.48936170212765956,0.09929078014184398,0.19148936170212766
Technically Savvy,Bosnia and Herzegovina,4,0,9,5,9,27,0.14814814814814814,0.0,0.3333333333333333,0.18518518518518517,0.3333333333333333
Technically Savvy,Botswana,0,0,2,2,2,6,0.0,0.0,0.3333333333333333,0.3333333333333333,0.3333333333333333
Technically Savvy,Brazil,692,399,2282,870,1065,5308,0.1303692539562924,0.07516955538809345,0.42991710625470986,0.1639035418236624,0.2006405425772419
Technically Savvy,Brunei Darussalam,0,0,3,0,1,4,0.0,0.0,0.75,0.0,0.25
Technically Savvy,Bulgaria,3,3,26,16,24,72,0.041666666666666664,0.041666666666666664,0.3611111111111111,0.2222222222222222,0.3333333333333333
Technically Savvy,Burkina Faso,1,0,2,2,1,6,0.16666666666666666,0.0,0.3333333333333333,0.3333333333333333,0.16666666666666666
Technically Savvy,Burundi,3,0,1,1,0,5,0.6,0.0,0.2,0.2,0.0
Technically Savvy,Cambodia,0,2,4,4,3,13,0.0,0.15384615384615385,0.3076923076923077,0.3076923076923077,0.23076923076923078
Technically Savvy,Cameroon,3,4,41,14,9,71,0.04225352112676056,0.056338028169014086,0.5774647887323944,0.19718309859154928,0.1267605633802817
Technically Savvy,Canada,98,183,845,199,284,1609,0.060907395898073334,0.11373523927905531,0.5251709136109385,0.12367930391547545,0.17650714729645742
Technically Savvy,Cape Verde,0,0,1,0,0,1,0.0,0.0,1.0,0.0,0.0
Technically Savvy,Cayman Islands,0,0,0,0,1,1,0.0,0.0,0.0,0.0,1.0
Technically Savvy,Chad,0,0,1,0,0,1,0.0,0.0,1.0,0.0,0.0
Technically Savvy,Chile,67,46,287,53,136,589,0.11375212224108659,0.07809847198641766,0.4872665534804754,0.0899830220713073,0.23089983022071306
Technically Savvy,China,3,2,14,16,9,44,0.06818181818181818,0.045454545454545456,0.3181818181818182,0.36363636363636365,0.20454545454545456
Technically Savvy,Colombia,93,40,468,99,180,880,0.10568181818181818,0.045454545454545456,0.5318181818181819,0.1125,0.20454545454545456
Technically Savvy,Congo,0,0,5,0,0,5,0.0,0.0,1.0,0.0,0.0
Technically Savvy,"Congo, The Democratic Republic of the",2,2,5,1,3,13,0.15384615384615385,0.15384615384615385,0.38461538461538464,0.07692307692307693,0.23076923076923078
Technically Savvy,Costa Rica,19,8,91,16,36,170,0.11176470588235295,0.047058823529411764,0.5352941176470588,0.09411764705882353,0.21176470588235294
Technically Savvy,Cote D'Ivoire,5,1,42,23,11,82,0.06097560975609756,0.012195121951219513,0.5121951219512195,0.2804878048780488,0.13414634146341464
Technically Savvy,Croatia,7,7,34,17,19,84,0.08333333333333333,0.08333333333333333,0.40476190476190477,0.20238095238095238,0.2261904761904762
Technically Savvy,Cuba,10,1,19,2,9,41,0.24390243902439024,0.024390243902439025,0.4634146341463415,0.04878048780487805,0.21951219512195122
Technically Savvy,Curacao,0,2,1,0,1,4,0.0,0.5,0.25,0.0,0.25
Technically Savvy,Cyprus,0,1,6,1,4,12,0.0,0.08333333333333333,0.5,0.08333333333333333,0.3333333333333333
Technically Savvy,Czech Republic,4,5,41,11,16,77,0.05194805194805195,0.06493506493506493,0.5324675324675324,0.14285714285714285,0.2077922077922078
Technically Savvy,Denmark,8,11,52,18,17,106,0.07547169811320754,0.10377358490566038,0.49056603773584906,0.16981132075471697,0.16037735849056603
Technically Savvy,Dominican Republic,22,4,47,14,28,115,0.19130434782608696,0.034782608695652174,0.40869565217391307,0.12173913043478261,0.24347826086956523
Technically Savvy,Ecuador,43,18,174,33,85,353,0.12181303116147309,0.05099150141643059,0.49291784702549574,0.09348441926345609,0.24079320113314448
Technically Savvy,Egypt,4,2,27,11,15,59,0.06779661016949153,0.03389830508474576,0.4576271186440678,0.1864406779661017,0.2542372881355932
Technically Savvy,El Salvador,15,4,74,18,30,141,0.10638297872340426,0.028368794326241134,0.524822695035461,0.1276595744680851,0.2127659574468085
Technically Savvy,Equatorial Guinea,0,0,1,0,0,1,0.0,0.0,1.0,0.0,0.0
Technically Savvy,Estonia,2,4,11,6,9,32,0.0625,0.125,0.34375,0.1875,0.28125
Technically Savvy,Ethiopia,0,0,1,3,3,7,0.0,0.0,0.14285714285714285,0.42857142857142855,0.42857142857142855
Technically Savvy,Europe,4,6,40,12,19,81,0.04938271604938271,0.07407407407407407,0.49382716049382713,0.14814814814814814,0.2345679012345679
Technically Savvy,Fiji,0,0,5,1,0,6,0.0,0.0,0.8333333333333334,0.16666666666666666,0.0
Technically Savvy,Finland,5,7,54,16,23,105,0.047619047619047616,0.06666666666666667,0.5142857142857142,0.1523809523809524,0.21904761904761905
Technically Savvy,France,513,1300,6629,1470,2431,12343,0.041562018958113914,0.10532285505954792,0.5370655432228794,0.11909584379810419,0.19695373896135462
Technically Savvy,French Guiana,2,3,6,4,5,20,0.1,0.15,0.3,0.2,0.25
Technically Savvy,French Polynesia,1,2,14,5,10,32,0.03125,0.0625,0.4375,0.15625,0.3125
Technically Savvy,Gabon,0,0,8,6,3,17,0.0,0.0,0.47058823529411764,0.35294117647058826,0.17647058823529413
Technically Savvy,Gambia,0,0,1,1,0,2,0.0,0.0,0.5,0.5,0.0
Technically Savvy,Georgia,0,1,2,2,1,6,0.0,0.16666666666666666,0.3333333333333333,0.3333333333333333,0.16666666666666666
Technically Savvy,Germany,751,784,5048,1314,1739,9636,0.07793690327936903,0.0813615608136156,0.5238688252386883,0.13636363636363635,0.18046907430469075
Technically Savvy,Ghana,5,2,22,10,3,42,0.11904761904761904,0.047619047619047616,0.5238095238095238,0.23809523809523808,0.07142857142857142
Technically Savvy,Gibraltar,0,0,1,0,0,1,0.0,0.0,1.0,0.0,0.0
Technically Savvy,Greece,11,19,103,21,40,194,0.05670103092783505,0.0979381443298969,0.5309278350515464,0.10824742268041238,0.20618556701030927
Technically Savvy,Grenada,0,1,0,0,0,1,0.0,1.0,0.0,0.0,0.0
Technically Savvy,Guadeloupe,1,4,17,1,2,25,0.04,0.16,0.68,0.04,0.08
Technically Savvy,Guam,0,0,0,1,1,2,0.0,0.0,0.0,0.5,0.5
Technically Savvy,Guatemala,21,6,89,21,32,169,0.1242603550295858,0.03550295857988166,0.5266272189349113,0.1242603550295858,0.1893491124260355
Technically Savvy,Guernsey,0,0,2,1,0,3,0.0,0.0,0.6666666666666666,0.3333333333333333,0.0
Technically Savvy,Guinea,2,1,3,3,0,9,0.2222222222222222,0.1111111111111111,0.3333333333333333,0.3333333333333333,0.0
Technically Savvy,Guyana,0,0,5,0,3,8,0.0,0.0,0.625,0.0,0.375
Technically Savvy,Haiti,3,1,4,1,1,10,0.3,0.1,0.4,0.1,0.1
Technically Savvy,Honduras,4,5,40,13,24,86,0.046511627906976744,0.05813953488372093,0.46511627906976744,0.1511627906976744,0.27906976744186046
Technically Savvy,Hong Kong,1,5,26,4,8,44,0.022727272727272728,0.11363636363636363,0.5909090909090909,0.09090909090909091,0.18181818181818182
Technically Savvy,Hungary,3,2,22,16,8,51,0.058823529411764705,0.0392156862745098,0.43137254901960786,0.3137254901960784,0.1568627450980392
Technically Savvy,Iceland,3,1,8,0,2,14,0.21428571428571427,0.07142857142857142,0.5714285714285714,0.0,0.14285714285714285
Technically Savvy,India,202,87,947,296,432,1964,0.10285132382892057,0.04429735234215886,0.48217922606924646,0.15071283095723015,0.219959266802444
Technically Savvy,Indonesia,34,15,156,53,81,339,0.10029498525073746,0.04424778761061947,0.46017699115044247,0.15634218289085547,0.23893805309734514
Technically Savvy,"Iran, Islamic Republic of",16,8,48,15,34,121,0.1322314049586777,0.06611570247933884,0.39669421487603307,0.12396694214876033,0.2809917355371901
Technically Savvy,Iraq,0,0,8,3,1,12,0.0,0.0,0.6666666666666666,0.25,0.08333333333333333
Technically Savvy,Ireland,8,12,101,18,29,168,0.047619047619047616,0.07142857142857142,0.6011904761904762,0.10714285714285714,0.17261904761904762
Technically Savvy,Isle of Man,0,0,2,1,1,4,0.0,0.0,0.5,0.25,0.25
Technically Savvy,Israel,3,9,39,14,15,80,0.0375,0.1125,0.4875,0.175,0.1875
Technically Savvy,Italy,621,506,3532,2052,3851,10562,0.05879568263586442,0.04790759325885249,0.3344063624313577,0.19428138610111723,0.3646089755728082
Technically Savvy,Jamaica,1,0,3,0,2,6,0.16666666666666666,0.0,0.5,0.0,0.3333333333333333
Technically Savvy,Japan,2,7,37,8,9,63,0.031746031746031744,0.1111111111111111,0.5873015873015873,0.12698412698412698,0.14285714285714285
Technically Savvy,Jersey,0,0,4,0,0,4,0.0,0.0,1.0,0.0,0.0
Technically Savvy,Jordan,0,0,9,2,4,15,0.0,0.0,0.6,0.13333333333333333,0.26666666666666666
Technically Savvy,Kazakhstan,0,0,3,2,1,6,0.0,0.0,0.5,0.3333333333333333,0.16666666666666666
Technically Savvy,Kenya,15,3,67,12,26,123,0.12195121951219512,0.024390243902439025,0.5447154471544715,0.0975609756097561,0.21138211382113822
Technically Savvy,"Korea, Republic of",0,1,15,5,3,24,0.0,0.041666666666666664,0.625,0.20833333333333334,0.125
Technically Savvy,Kuwait,0,2,4,1,2,9,0.0,0.2222222222222222,0.4444444444444444,0.1111111111111111,0.2222222222222222
Technically Savvy,Lao People's Democratic Republic,0,0,1,0,0,1,0.0,0.0,1.0,0.0,0.0
Technically Savvy,Latvia,3,2,11,7,3,26,0.11538461538461539,0.07692307692307693,0.4230769230769231,0.2692307692307692,0.11538461538461539
Technically Savvy,Lebanon,0,3,13,6,4,26,0.0,0.11538461538461539,0.5,0.23076923076923078,0.15384615384615385
Technically Savvy,Lesotho,0,0,2,0,0,2,0.0,0.0,1.0,0.0,0.0
Technically Savvy,Liberia,1,0,2,0,1,4,0.25,0.0,0.5,0.0,0.25
Technically Savvy,Libya,0,0,1,0,0,1,0.0,0.0,1.0,0.0,0.0
Technically Savvy,Liechtenstein,0,0,4,2,0,6,0.0,0.0,0.6666666666666666,0.3333333333333333,0.0
Technically Savvy,Lithuania,1,1,25,5,8,40,0.025,0.025,0.625,0.125,0.2
Technically Savvy,Luxembourg,4,6,55,8,11,84,0.047619047619047616,0.07142857142857142,0.6547619047619048,0.09523809523809523,0.13095238095238096
Technically Savvy,Macau,0,0,1,1,0,2,0.0,0.0,0.5,0.5,0.0
Technically Savvy,Macedonia,2,1,5,4,5,17,0.11764705882352941,0.058823529411764705,0.29411764705882354,0.23529411764705882,0.29411764705882354
Technically Savvy,Madagascar,7,2,18,11,19,57,0.12280701754385964,0.03508771929824561,0.3157894736842105,0.19298245614035087,0.3333333333333333
Technically Savvy,Malawi,0,0,4,0,0,4,0.0,0.0,1.0,0.0,0.0
Technically Savvy,Malaysia,10,11,69,24,23,137,0.072992700729927,0.08029197080291971,0.5036496350364964,0.17518248175182483,0.1678832116788321
Technically Savvy,Maldives,1,1,0,3,1,6,0.16666666666666666,0.16666666666666666,0.0,0.5,0.16666666666666666
Technically Savvy,Mali,3,2,7,5,4,21,0.14285714285714285,0.09523809523809523,0.3333333333333333,0.23809523809523808,0.19047619047619047
Technically Savvy,Malta,3,1,4,3,2,13,0.23076923076923078,0.07692307692307693,0.3076923076923077,0.23076923076923078,0.15384615384615385
Technically Savvy,Martinique,1,4,18,2,7,32,0.03125,0.125,0.5625,0.0625,0.21875
Technically Savvy,Mauritania,0,0,1,0,2,3,0.0,0.0,0.3333333333333333,0.0,0.6666666666666666
Technically Savvy,Mauritius,2,1,16,5,4,28,0.07142857142857142,0.03571428571428571,0.5714285714285714,0.17857142857142858,0.14285714285714285
Technically Savvy,Mayotte,0,0,4,1,1,6,0.0,0.0,0.6666666666666666,0.16666666666666666,0.16666666666666666
Technically Savvy,Mexico,263,173,1404,280,492,2612,0.10068912710566616,0.06623277182235834,0.5375191424196019,0.10719754977029096,0.1883614088820827
Technically Savvy,"Moldova, Republic of",0,0,1,0,2,3,0.0,0.0,0.3333333333333333,0.0,0.6666666666666666
Technically Savvy,Monaco,1,0,6,1,4,12,0.08333333333333333,0.0,0.5,0.08333333333333333,0.3333333333333333
Technically Savvy,Mongolia,0,0,2,1,1,4,0.0,0.0,0.5,0.25,0.25
Technically Savvy,Montenegro,1,1,5,3,0,10,0.1,0.1,0.5,0.3,0.0
Technically Savvy,Morocco,16,12,88,37,55,208,0.07692307692307693,0.057692307692307696,0.4230769230769231,0.1778846153846154,0.2644230769230769
Technically Savvy,Mozambique,1,1,2,0,0,4,0.25,0.25,0.5,0.0,0.0
Technically Savvy,Myanmar,3,0,11,4,3,21,0.14285714285714285,0.0,0.5238095238095238,0.19047619047619047,0.14285714285714285
Technically Savvy,Namibia,0,0,4,1,1,6,0.0,0.0,0.6666666666666666,0.16666666666666666,0.16666666666666666
Technically Savvy,Nepal,12,1,27,8,10,58,0.20689655172413793,0.017241379310344827,0.46551724137931033,0.13793103448275862,0.1724137931034483
Technically Savvy,Netherlands,17,31,173,52,55,328,0.051829268292682924,0.09451219512195122,0.5274390243902439,0.15853658536585366,0.1676829268292683
Technically Savvy,New Caledonia,1,4,30,3,11,49,0.02040816326530612,0.08163265306122448,0.6122448979591837,0.061224489795918366,0.22448979591836735
Technically Savvy,New Zealand,9,25,96,31,37,198,0.045454545454545456,0.12626262626262627,0.48484848484848486,0.15656565656565657,0.18686868686868688
Technically Savvy,Nicaragua,6,1,31,3,8,49,0.12244897959183673,0.02040816326530612,0.6326530612244898,0.061224489795918366,0.16326530612244897
Technically Savvy,Niger,1,0,1,0,4,6,0.16666666666666666,0.0,0.16666666666666666,0.0,0.6666666666666666
Technically Savvy,Nigeria,35,3,74,13,11,136,0.25735294117647056,0.022058823529411766,0.5441176470588235,0.09558823529411764,0.08088235294117647
Technically Savvy,Norway,6,9,60,19,26,120,0.05,0.075,0.5,0.15833333333333333,0.21666666666666667
Technically Savvy,Oman,1,0,4,1,4,10,0.1,0.0,0.4,0.1,0.4
Technically Savvy,Pakistan,16,6,53,27,36,138,0.11594202898550725,0.043478260869565216,0.38405797101449274,0.1956521739130435,0.2608695652173913
Technically Savvy,Palestinian Territory,0,0,3,0,0,3,0.0,0.0,1.0,0.0,0.0
Technically Savvy,Panama,6,3,37,14,13,73,0.0821917808219178,0.0410958904109589,0.5068493150684932,0.1917808219178082,0.1780821917808219
Technically Savvy,Papua New Guinea,0,0,2,0,1,3,0.0,0.0,0.6666666666666666,0.0,0.3333333333333333
Technically Savvy,Paraguay,10,3,54,18,20,105,0.09523809523809523,0.02857142857142857,0.5142857142857142,0.17142857142857143,0.19047619047619047
Technically Savvy,Peru,34,19,162,41,62,318,0.1069182389937107,0.059748427672955975,0.5094339622641509,0.1289308176100629,0.1949685534591195
Technically Savvy,Philippines,8,9,115,19,33,184,0.043478260869565216,0.04891304347826087,0.625,0.10326086956521739,0.1793478260869565
Technically Savvy,Poland,2,11,49,15,8,85,0.023529411764705882,0.12941176470588237,0.5764705882352941,0.17647058823529413,0.09411764705882353
Technically Savvy,Portugal,8,11,74,25,36,154,0.05194805194805195,0.07142857142857142,0.4805194805194805,0.16233766233766234,0.23376623376623376
Technically Savvy,Puerto Rico,2,0,19,5,12,38,0.05263157894736842,0.0,0.5,0.13157894736842105,0.3157894736842105
Technically Savvy,Qatar,1,0,11,1,3,16,0.0625,0.0,0.6875,0.0625,0.1875
Technically Savvy,Reunion,10,5,89,9,24,137,0.072992700729927,0.0364963503649635,0.6496350364963503,0.06569343065693431,0.17518248175182483
Technically Savvy,Romania,13,10,89,35,41,188,0.06914893617021277,0.05319148936170213,0.4734042553191489,0.18617021276595744,0.21808510638297873
Technically Savvy,Russian Federation,5,7,42,24,18,96,0.052083333333333336,0.07291666666666667,0.4375,0.25,0.1875
Technically Savvy,Rwanda,2,0,2,0,1,5,0.4,0.0,0.4,0.0,0.2
Technically Savvy,Saint Kitts and Nevis,0,0,0,1,0,1,0.0,0.0,0.0,1.0,0.0
Technically Savvy,Saint Lucia,0,0,1,0,0,1,0.0,0.0,1.0,0.0,0.0
Technically Savvy,Saint Pierre and Miquelon,0,2,3,0,0,5,0.0,0.4,0.6,0.0,0.0
Technically Savvy,San Marino,0,0,3,0,4,7,0.0,0.0,0.42857142857142855,0.0,0.5714285714285714
Technically Savvy,Saudi Arabia,1,1,20,15,12,49,0.02040816326530612,0.02040816326530612,0.40816326530612246,0.30612244897959184,0.24489795918367346
Technically Savvy,Senegal,4,3,18,13,9,47,0.0851063829787234,0.06382978723404255,0.3829787234042553,0.2765957446808511,0.19148936170212766
Technically Savvy,Serbia,7,2,38,21,18,86,0.08139534883720931,0.023255813953488372,0.4418604651162791,0.2441860465116279,0.20930232558139536
Technically Savvy,Sierra Leone,0,0,1,0,0,1,0.0,0.0,1.0,0.0,0.0
Technically Savvy,Singapore,4,4,40,9,20,77,0.05194805194805195,0.05194805194805195,0.5194805194805194,0.11688311688311688,0.2597402597402597
Technically Savvy,Sint Maarten (Dutch part),0,0,1,0,0,1,0.0,0.0,1.0,0.0,0.0
Technically Savvy,Slovakia,2,2,19,6,7,36,0.05555555555555555,0.05555555555555555,0.5277777777777778,0.16666666666666666,0.19444444444444445
Technically Savvy,Slovenia,1,3,22,7,10,43,0.023255813953488372,0.06976744186046512,0.5116279069767442,0.16279069767441862,0.23255813953488372
Technically Savvy,Solomon Islands,0,0,1,1,0,2,0.0,0.0,0.5,0.5,0.0
Technically Savvy,Somalia,0,0,1,0,0,1,0.0,0.0,1.0,0.0,0.0
Technically Savvy,South Africa,21,14,101,25,40,201,0.1044776119402985,0.06965174129353234,0.5024875621890548,0.12437810945273632,0.19900497512437812
Technically Savvy,South Sudan,0,0,1,0,0,1,0.0,0.0,1.0,0.0,0.0
Technically Savvy,Spain,183,155,1215,309,336,2198,0.0832575068243858,0.0705186533212011,0.5527752502274795,0.14058234758871702,0.15286624203821655
Technically Savvy,Sri Lanka,3,5,18,7,8,41,0.07317073170731707,0.12195121951219512,0.43902439024390244,0.17073170731707318,0.1951219512195122
Technically Savvy,Sudan,2,0,3,0,3,8,0.25,0.0,0.375,0.0,0.375
Technically Savvy,Suriname,0,0,2,1,0,3,0.0,0.0,0.6666666666666666,0.3333333333333333,0.0
Technically Savvy,Swaziland,0,0,1,1,0,2,0.0,0.0,0.5,0.5,0.0
Technically Savvy,Sweden,10,13,74,26,18,141,0.07092198581560284,0.09219858156028368,0.524822695035461,0.18439716312056736,0.1276595744680851
Technically Savvy,Switzerland,114,139,751,203,308,1515,0.07524752475247524,0.09174917491749175,0.4957095709570957,0.13399339933993398,0.2033003300330033
Technically Savvy,Syrian Arab Republic,1,0,5,2,1,9,0.1111111111111111,0.0,0.5555555555555556,0.2222222222222222,0.1111111111111111
Technically Savvy,Taiwan,0,2,18,4,0,24,0.0,0.08333333333333333,0.75,0.16666666666666666,0.0
Technically Savvy,"Tanzania, United Republic of",4,0,9,6,3,22,0.18181818181818182,0.0,0.4090909090909091,0.2727272727272727,0.13636363636363635
Technically Savvy,Thailand,6,5,28,11,11,61,0.09836065573770492,0.08196721311475409,0.45901639344262296,0.18032786885245902,0.18032786885245902
Technically Savvy,Togo,3,0,11,2,2,18,0.16666666666666666,0.0,0.6111111111111112,0.1111111111111111,0.1111111111111111
Technically Savvy,Trinidad and Tobago,3,0,10,1,2,16,0.1875,0.0,0.625,0.0625,0.125
Technically Savvy,Tunisia,7,6,38,15,20,86,0.08139534883720931,0.06976744186046512,0.4418604651162791,0.1744186046511628,0.23255813953488372
Technically Savvy,Turkey,7,6,39,13,10,75,0.09333333333333334,0.08,0.52,0.17333333333333334,0.13333333333333333
Technically Savvy,Turks and Caicos Islands,0,0,1,0,0,1,0.0,0.0,1.0,0.0,0.0
Technically Savvy,Uganda,4,2,16,5,2,29,0.13793103448275862,0.06896551724137931,0.5517241379310345,0.1724137931034483,0.06896551724137931
Technically Savvy,Ukraine,3,2,12,4,5,26,0.11538461538461539,0.07692307692307693,0.46153846153846156,0.15384615384615385,0.19230769230769232
Technically Savvy,United Arab Emirates,2,3,42,14,16,77,0.025974025974025976,0.03896103896103896,0.5454545454545454,0.18181818181818182,0.2077922077922078
Technically Savvy,United Kingdom,103,237,1065,366,306,2077,0.0495907558979297,0.11410688493018777,0.5127587867116032,0.17621569571497353,0.14732787674530573
Technically Savvy,United States,382,1000,4060,1156,1237,7835,0.048755583918315255,0.1276324186343331,0.5181876196553925,0.1475430759412891,0.15788130185067006
Technically Savvy,Uruguay,21,7,76,21,49,174,0.1206896551724138,0.040229885057471264,0.4367816091954023,0.1206896551724138,0.28160919540229884
Technically Savvy,Vanuatu,1,0,0,0,0,1,1.0,0.0,0.0,0.0,0.0
Technically Savvy,Venezuela,72,24,254,63,97,510,0.1411764705882353,0.047058823529411764,0.4980392156862745,0.12352941176470589,0.19019607843137254
Technically Savvy,Vietnam,2,3,20,4,7,36,0.05555555555555555,0.08333333333333333,0.5555555555555556,0.1111111111111111,0.19444444444444445
Technically Savvy,"Virgin Islands, U.S.",1,0,0,1,0,2,0.5,0.0,0.0,0.5,0.0
Technically Savvy,Zambia,2,1,2,3,0,8,0.25,0.125,0.25,0.375,0.0
Technically Savvy,Zimbabwe,3,0,12,2,8,25,0.12,0.0,0.48,0.08,0.32
Ultra Nerd,Albania,1,0,4,0,2,7,0.14285714285714285,0.0,0.5714285714285714,0.0,0.2857142857142857
Ultra Nerd,Algeria,9,5,29,10,10,63,0.14285714285714285,0.07936507936507936,0.4603174603174603,0.15873015873015872,0.15873015873015872
Ultra Nerd,Andorra,0,0,1,0,0,1,0.0,0.0,1.0,0.0,0.0
Ultra Nerd,Anonymous Proxy,0,2,5,0,3,10,0.0,0.2,0.5,0.0,0.3
Ultra Nerd,Argentina,36,32,136,34,36,274,0.13138686131386862,0.11678832116788321,0.49635036496350365,0.12408759124087591,0.13138686131386862
Ultra Nerd,Armenia,0,0,1,1,1,3,0.0,0.0,0.3333333333333333,0.3333333333333333,0.3333333333333333
Ultra Nerd,Asia/Pacific Region,0,0,1,0,0,1,0.0,0.0,1.0,0.0,0.0
Ultra Nerd,Australia,17,37,143,33,34,264,0.06439393939393939,0.14015151515151514,0.5416666666666666,0.125,0.12878787878787878
Ultra Nerd,Austria,19,25,152,29,28,253,0.07509881422924901,0.09881422924901186,0.6007905138339921,0.11462450592885376,0.11067193675889328
Ultra Nerd,Azerbaijan,1,0,0,0,0,1,1.0,0.0,0.0,0.0,0.0
Ultra Nerd,Bahrain,0,0,2,0,0,2,0.0,0.0,1.0,0.0,0.0
Ultra Nerd,Bangladesh,11,3,24,9,8,55,0.2,0.05454545454545454,0.43636363636363634,0.16363636363636364,0.14545454545454545
Ultra Nerd,Belarus,1,1,2,1,0,5,0.2,0.2,0.4,0.2,0.0
Ultra Nerd,Belgium,12,33,150,33,39,267,0.0449438202247191,0.12359550561797752,0.5617977528089888,0.12359550561797752,0.14606741573033707
Ultra Nerd,Belize,0,0,1,1,1,3,0.0,0.0,0.3333333333333333,0.3333333333333333,0.3333333333333333
Ultra Nerd,Benin,0,2,3,0,2,7,0.0,0.2857142857142857,0.42857142857142855,0.0,0.2857142857142857
Ultra Nerd,Bolivia,5,1,8,3,5,22,0.22727272727272727,0.045454545454545456,0.36363636363636365,0.13636363636363635,0.22727272727272727
Ultra Nerd,Bosnia and Herzegovina,1,0,4,2,3,10,0.1,0.0,0.4,0.2,0.3
Ultra Nerd,Brazil,180,87,462,168,137,1034,0.17408123791102514,0.08413926499032882,0.44680851063829785,0.16247582205029013,0.13249516441005801
Ultra Nerd,Bulgaria,2,4,17,6,6,35,0.05714285714285714,0.11428571428571428,0.4857142857142857,0.17142857142857143,0.17142857142857143
Ultra Nerd,Burkina Faso,1,1,3,0,0,5,0.2,0.2,0.6,0.0,0.0
Ultra Nerd,Burundi,0,0,1,0,0,1,0.0,0.0,1.0,0.0,0.0
Ultra Nerd,Cambodia,0,1,2,1,1,5,0.0,0.2,0.4,0.2,0.2
Ultra Nerd,Cameroon,1,2,6,3,1,13,0.07692307692307693,0.15384615384615385,0.46153846153846156,0.23076923076923078,0.07692307692307693
Ultra Nerd,Canada,34,79,273,53,58,497,0.06841046277665996,0.158953722334004,0.5492957746478874,0.10663983903420524,0.11670020120724346
Ultra Nerd,Cayman Islands,0,0,0,1,0,1,0.0,0.0,0.0,1.0,0.0
Ultra Nerd,Chile,8,18,56,14,18,114,0.07017543859649122,0.15789473684210525,0.49122807017543857,0.12280701754385964,0.15789473684210525
Ultra Nerd,China,2,1,7,5,1,16,0.125,0.0625,0.4375,0.3125,0.0625
Ultra Nerd,Colombia,27,15,103,21,21,187,0.1443850267379679,0.08021390374331551,0.5508021390374331,0.11229946524064172,0.11229946524064172
Ultra Nerd,Comoros,1,0,0,0,0,1,1.0,0.0,0.0,0.0,0.0
Ultra Nerd,Congo,0,0,0,1,0,1,0.0,0.0,0.0,1.0,0.0
Ultra Nerd,"Congo, The Democratic Republic of the",1,0,3,2,0,6,0.16666666666666666,0.0,0.5,0.3333333333333333,0.0
Ultra Nerd,Costa Rica,3,2,26,8,7,46,0.06521739130434782,0.043478260869565216,0.5652173913043478,0.17391304347826086,0.15217391304347827
Ultra Nerd,Cote D'Ivoire,6,3,12,3,3,27,0.2222222222222222,0.1111111111111111,0.4444444444444444,0.1111111111111111,0.1111111111111111
Ultra Nerd,Croatia,3,1,13,5,10,32,0.09375,0.03125,0.40625,0.15625,0.3125
Ultra Nerd,Cuba,1,1,5,2,2,11,0.09090909090909091,0.09090909090909091,0.45454545454545453,0.18181818181818182,0.18181818181818182
Ultra Nerd,Cyprus,3,2,2,0,0,7,0.42857142857142855,0.2857142857142857,0.2857142857142857,0.0,0.0
Ultra Nerd,Czech Republic,0,2,16,9,6,33,0.0,0.06060606060606061,0.48484848484848486,0.2727272727272727,0.18181818181818182
Ultra Nerd,Denmark,2,5,34,2,7,50,0.04,0.1,0.68,0.04,0.14
Ultra Nerd,Dominican Republic,3,0,11,2,0,16,0.1875,0.0,0.6875,0.125,0.0
Ultra Nerd,Ecuador,15,6,37,9,10,77,0.19480519480519481,0.07792207792207792,0.4805194805194805,0.11688311688311688,0.12987012987012986
Ultra Nerd,Egypt,2,1,6,4,3,16,0.125,0.0625,0.375,0.25,0.1875
Ultra Nerd,El Salvador,7,0,11,3,6,27,0.25925925925925924,0.0,0.4074074074074074,0.1111111111111111,0.2222222222222222
Ultra Nerd,Estonia,0,0,6,3,0,9,0.0,0.0,0.6666666666666666,0.3333333333333333,0.0
Ultra Nerd,Ethiopia,1,0,3,2,0,6,0.16666666666666666,0.0,0.5,0.3333333333333333,0.0
Ultra Nerd,Europe,1,2,13,0,5,21,0.047619047619047616,0.09523809523809523,0.6190476190476191,0.0,0.23809523809523808
Ultra Nerd,Fiji,1,0,2,0,0,3,0.3333333333333333,0.0,0.6666666666666666,0.0,0.0
Ultra Nerd,Finland,1,8,33,3,4,49,0.02040816326530612,0.16326530612244897,0.673469387755102,0.061224489795918366,0.08163265306122448
Ultra Nerd,France,187,344,1992,353,384,3260,0.05736196319018405,0.10552147239263804,0.6110429447852761,0.10828220858895705,0.11779141104294479
Ultra Nerd,French Guiana,1,1,0,0,0,2,0.5,0.5,0.0,0.0,0.0
Ultra Nerd,French Polynesia,1,2,1,0,1,5,0.2,0.4,0.2,0.0,0.2
Ultra Nerd,Gabon,0,0,2,0,0,2,0.0,0.0,1.0,0.0,0.0
Ultra Nerd,Georgia,0,0,1,0,0,1,0.0,0.0,1.0,0.0,0.0
Ultra Nerd,Germany,219,251,1540,327,288,2625,0.08342857142857144,0.09561904761904762,0.5866666666666667,0.12457142857142857,0.10971428571428571
Ultra Nerd,Ghana,1,1,3,1,0,6,0.16666666666666666,0.16666666666666666,0.5,0.16666666666666666,0.0
Ultra Nerd,Greece,7,3,45,6,9,70,0.1,0.04285714285714286,0.6428571428571429,0.08571428571428572,0.12857142857142856
Ultra Nerd,Guadeloupe,1,0,7,2,2,12,0.08333333333333333,0.0,0.5833333333333334,0.16666666666666666,0.16666666666666666
Ultra Nerd,Guatemala,9,2,22,2,5,40,0.225,0.05,0.55,0.05,0.125
Ultra Nerd,Guernsey,0,0,3,1,0,4,0.0,0.0,0.75,0.25,0.0
Ultra Nerd,Guinea,0,0,1,0,0,1,0.0,0.0,1.0,0.0,0.0
Ultra Nerd,Haiti,0,0,0,1,0,1,0.0,0.0,0.0,1.0,0.0
Ultra Nerd,Honduras,2,1,11,4,2,20,0.1,0.05,0.55,0.2,0.1
Ultra Nerd,Hong Kong,1,1,8,2,1,13,0.07692307692307693,0.07692307692307693,0.6153846153846154,0.15384615384615385,0.07692307692307693
Ultra Nerd,Hungary,3,2,8,6,1,20,0.15,0.1,0.4,0.3,0.05
Ultra Nerd,Iceland,1,0,5,0,0,6,0.16666666666666666,0.0,0.8333333333333334,0.0,0.0
Ultra Nerd,India,60,24,241,76,78,479,0.12526096033402923,0.05010438413361169,0.5031315240083507,0.15866388308977036,0.162839248434238
Ultra Nerd,Indonesia,17,5,45,10,7,84,0.20238095238095238,0.05952380952380952,0.5357142857142857,0.11904761904761904,0.08333333333333333
Ultra Nerd,"Iran, Islamic Republic of",12,3,22,8,10,55,0.21818181818181817,0.05454545454545454,0.4,0.14545454545454545,0.18181818181818182
Ultra Nerd,Iraq,0,1,3,0,1,5,0.0,0.2,0.6,0.0,0.2
Ultra Nerd,Ireland,2,5,29,4,6,46,0.043478260869565216,0.10869565217391304,0.6304347826086957,0.08695652173913043,0.13043478260869565
Ultra Nerd,Israel,3,3,10,7,6,29,0.10344827586206896,0.10344827586206896,0.3448275862068966,0.2413793103448276,0.20689655172413793
Ultra Nerd,Italy,185,168,900,588,609,2450,0.07551020408163266,0.06857142857142857,0.3673469387755102,0.24,0.24857142857142858
Ultra Nerd,Jamaica,0,0,0,1,0,1,0.0,0.0,0.0,1.0,0.0
Ultra Nerd,Japan,1,5,14,3,6,29,0.034482758620689655,0.1724137931034483,0.4827586206896552,0.10344827586206896,0.20689655172413793
Ultra Nerd,Jersey,0,0,1,0,1,2,0.0,0.0,0.5,0.0,0.5
Ultra Nerd,Jordan,2,1,3,0,0,6,0.3333333333333333,0.16666666666666666,0.5,0.0,0.0
Ultra Nerd,Kazakhstan,0,0,1,0,0,1,0.0,0.0,1.0,0.0,0.0
Ultra Nerd,Kenya,6,0,10,2,1,19,0.3157894736842105,0.0,0.5263157894736842,0.10526315789473684,0.05263157894736842
Ultra Nerd,"Korea, Republic of",1,1,2,0,2,6,0.16666666666666666,0.16666666666666666,0.3333333333333333,0.0,0.3333333333333333
Ultra Nerd,Lao People's Democratic Republic,0,0,1,0,0,1,0.0,0.0,1.0,0.0,0.0
Ultra Nerd,Latvia,0,0,3,1,1,5,0.0,0.0,0.6,0.2,0.2
Ultra Nerd,Lebanon,0,0,1,2,3,6,0.0,0.0,0.16666666666666666,0.3333333333333333,0.5
Ultra Nerd,Liberia,1,0,0,0,0,1,1.0,0.0,0.0,0.0,0.0
Ultra Nerd,Lithuania,0,3,6,0,1,10,0.0,0.3,0.6,0.0,0.1
Ultra Nerd,Luxembourg,1,3,13,3,3,23,0.043478260869565216,0.13043478260869565,0.5652173913043478,0.13043478260869565,0.13043478260869565
Ultra Nerd,Macedonia,0,0,4,3,0,7,0.0,0.0,0.5714285714285714,0.42857142857142855,0.0
Ultra Nerd,Madagascar,1,1,5,1,1,9,0.1111111111111111,0.1111111111111111,0.5555555555555556,0.1111111111111111,0.1111111111111111
Ultra Nerd,Malawi,0,1,0,0,0,1,0.0,1.0,0.0,0.0,0.0
Ultra Nerd,Malaysia,2,3,11,3,4,23,0.08695652173913043,0.13043478260869565,0.4782608695652174,0.13043478260869565,0.17391304347826086
Ultra Nerd,Mali,0,0,0,2,0,2,0.0,0.0,0.0,1.0,0.0
Ultra Nerd,Malta,0,1,6,2,0,9,0.0,0.1111111111111111,0.6666666666666666,0.2222222222222222,0.0
Ultra Nerd,Martinique,2,3,5,1,2,13,0.15384615384615385,0.23076923076923078,0.38461538461538464,0.07692307692307693,0.15384615384615385
Ultra Nerd,Mauritania,1,0,0,0,0,1,1.0,0.0,0.0,0.0,0.0
Ultra Nerd,Mauritius,1,0,2,2,0,5,0.2,0.0,0.4,0.4,0.0
Ultra Nerd,Mayotte,0,0,1,0,0,1,0.0,0.0,1.0,0.0,0.0
Ultra Nerd,Mexico,83,43,318,57,65,566,0.14664310954063603,0.07597173144876325,0.5618374558303887,0.10070671378091872,0.11484098939929328
Ultra Nerd,"Micronesia, Federated States of",0,0,0,1,0,1,0.0,0.0,0.0,1.0,0.0
Ultra Nerd,"Moldova, Republic of",1,0,2,0,0,3,0.3333333333333333,0.0,0.6666666666666666,0.0,0.0
Ultra Nerd,Mongolia,0,0,4,0,0,4,0.0,0.0,1.0,0.0,0.0
Ultra Nerd,Montenegro,0,0,1,0,0,1,0.0,0.0,1.0,0.0,0.0
Ultra Nerd,Morocco,5,2,33,10,9,59,0.0847457627118644,0.03389830508474576,0.559322033898305,0.1694915254237288,0.15254237288135594
Ultra Nerd,Mozambique,0,0,1,0,1,2,0.0,0.0,0.5,0.0,0.5
Ultra Nerd,Myanmar,4,0,2,0,0,6,0.6666666666666666,0.0,0.3333333333333333,0.0,0.0
Ultra Nerd,Namibia,0,1,1,0,1,3,0.0,0.3333333333333333,0.3333333333333333,0.0,0.3333333333333333
Ultra Nerd,Nepal,2,0,8,0,3,13,0.15384615384615385,0.0,0.6153846153846154,0.0,0.23076923076923078
Ultra Nerd,Netherlands,6,14,105,27,11,163,0.03680981595092025,0.08588957055214724,0.6441717791411042,0.1656441717791411,0.06748466257668712
Ultra Nerd,New Caledonia,1,0,4,1,0,6,0.16666666666666666,0.0,0.6666666666666666,0.16666666666666666,0.0
Ultra Nerd,New Zealand,3,4,31,6,3,47,0.06382978723404255,0.0851063829787234,0.6595744680851063,0.1276595744680851,0.06382978723404255
Ultra Nerd,Nicaragua,1,1,4,1,1,8,0.125,0.125,0.5,0.125,0.125
Ultra Nerd,Niger,1,0,1,0,0,2,0.5,0.0,0.5,0.0,0.0
Ultra Nerd,Nigeria,4,1,6,1,0,12,0.3333333333333333,0.08333333333333333,0.5,0.08333333333333333,0.0
Ultra Nerd,Norway,1,12,30,7,1,51,0.0196078431372549,0.23529411764705882,0.5882352941176471,0.13725490196078433,0.0196078431372549
Ultra Nerd,Pakistan,2,2,11,10,2,27,0.07407407407407407,0.07407407407407407,0.4074074074074074,0.37037037037037035,0.07407407407407407
Ultra Nerd,Panama,0,0,7,0,1,8,0.0,0.0,0.875,0.0,0.125
Ultra Nerd,Papua New Guinea,1,1,0,0,0,2,0.5,0.5,0.0,0.0,0.0
Ultra Nerd,Paraguay,3,0,8,3,2,16,0.1875,0.0,0.5,0.1875,0.125
Ultra Nerd,Peru,13,3,42,6,10,74,0.17567567567567569,0.04054054054054054,0.5675675675675675,0.08108108108108109,0.13513513513513514
Ultra Nerd,Philippines,2,2,19,5,3,31,0.06451612903225806,0.06451612903225806,0.6129032258064516,0.16129032258064516,0.0967741935483871
Ultra Nerd,Poland,4,7,39,11,8,69,0.057971014492753624,0.10144927536231885,0.5652173913043478,0.15942028985507245,0.11594202898550725
Ultra Nerd,Portugal,0,2,23,6,5,36,0.0,0.05555555555555555,0.6388888888888888,0.16666666666666666,0.1388888888888889
Ultra Nerd,Puerto Rico,0,0,5,1,1,7,0.0,0.0,0.7142857142857143,0.14285714285714285,0.14285714285714285
Ultra Nerd,Reunion,1,2,18,2,2,25,0.04,0.08,0.72,0.08,0.08
Ultra Nerd,Romania,16,2,43,15,11,87,0.1839080459770115,0.022988505747126436,0.4942528735632184,0.1724137931034483,0.12643678160919541
Ultra Nerd,Russian Federation,0,1,22,15,5,43,0.0,0.023255813953488372,0.5116279069767442,0.3488372093023256,0.11627906976744186
Ultra Nerd,Rwanda,1,0,1,0,0,2,0.5,0.0,0.5,0.0,0.0
Ultra Nerd,San Marino,0,0,1,0,0,1,0.0,0.0,1.0,0.0,0.0
Ultra Nerd,Saudi Arabia,2,1,2,3,0,8,0.25,0.125,0.25,0.375,0.0
Ultra Nerd,Senegal,0,0,5,3,0,8,0.0,0.0,0.625,0.375,0.0
Ultra Nerd,Serbia,2,4,24,3,9,42,0.047619047619047616,0.09523809523809523,0.5714285714285714,0.07142857142857142,0.21428571428571427
Ultra Nerd,Sierra Leone,1,0,0,0,0,1,1.0,0.0,0.0,0.0,0.0
Ultra Nerd,Singapore,5,1,7,3,1,17,0.29411764705882354,0.058823529411764705,0.4117647058823529,0.17647058823529413,0.058823529411764705
Ultra Nerd,Slovakia,1,0,10,1,2,14,0.07142857142857142,0.0,0.7142857142857143,0.07142857142857142,0.14285714285714285
Ultra Nerd,Slovenia,0,1,6,2,2,11,0.0,0.09090909090909091,0.5454545454545454,0.18181818181818182,0.18181818181818182
Ultra Nerd,South Africa,7,8,34,9,10,68,0.10294117647058823,0.11764705882352941,0.5,0.1323529411764706,0.14705882352941177
Ultra Nerd,Spain,69,62,402,87,69,689,0.10014513788098693,0.0899854862119013,0.5834542815674891,0.1262699564586357,0.10014513788098693
Ultra Nerd,Sri Lanka,1,0,6,0,2,9,0.1111111111111111,0.0,0.6666666666666666,0.0,0.2222222222222222
Ultra Nerd,Sudan,0,0,2,2,0,4,0.0,0.0,0.5,0.5,0.0
Ultra Nerd,Swaziland,0,0,1,0,0,1,0.0,0.0,1.0,0.0,0.0
Ultra Nerd,Sweden,4,8,68,14,10,104,0.038461538461538464,0.07692307692307693,0.6538461538461539,0.1346153846153846,0.09615384615384616
Ultra Nerd,Switzerland,25,42,235,42,49,393,0.06361323155216285,0.10687022900763359,0.5979643765903307,0.10687022900763359,0.12468193384223919
Ultra Nerd,Syrian Arab Republic,1,0,0,1,0,2,0.5,0.0,0.0,0.5,0.0
Ultra Nerd,Taiwan,0,1,4,6,1,12,0.0,0.08333333333333333,0.3333333333333333,0.5,0.08333333333333333
Ultra Nerd,Tajikistan,0,0,1,0,0,1,0.0,0.0,1.0,0.0,0.0
Ultra Nerd,"Tanzania, United Republic of",2,0,3,1,0,6,0.3333333333333333,0.0,0.5,0.16666666666666666,0.0
Ultra Nerd,Thailand,3,3,11,4,2,23,0.13043478260869565,0.13043478260869565,0.4782608695652174,0.17391304347826086,0.08695652173913043
Ultra Nerd,Togo,0,0,2,0,0,2,0.0,0.0,1.0,0.0,0.0
Ultra Nerd,Trinidad and Tobago,0,0,2,1,0,3,0.0,0.0,0.6666666666666666,0.3333333333333333,0.0
Ultra Nerd,Tunisia,3,3,15,6,4,31,0.0967741935483871,0.0967741935483871,0.4838709677419355,0.1935483870967742,0.12903225806451613
Ultra Nerd,Turkey,4,3,23,4,6,40,0.1,0.075,0.575,0.1,0.15
Ultra Nerd,Uganda,0,0,2,1,0,3,0.0,0.0,0.6666666666666666,0.3333333333333333,0.0
Ultra Nerd,Ukraine,4,3,18,4,2,31,0.12903225806451613,0.0967741935483871,0.5806451612903226,0.12903225806451613,0.06451612903225806
Ultra Nerd,United Arab Emirates,2,0,11,1,3,17,0.11764705882352941,0.0,0.6470588235294118,0.058823529411764705,0.17647058823529413
Ultra Nerd,United Kingdom,27,58,357,71,72,585,0.046153846153846156,0.09914529914529914,0.6102564102564103,0.12136752136752137,0.12307692307692308
Ultra Nerd,United States,112,304,1271,248,226,2161,0.05182785747339195,0.14067561314206387,0.5881536325775104,0.11476168440536788,0.1045812124016659
Ultra Nerd,Uruguay,1,0,15,5,6,27,0.037037037037037035,0.0,0.5555555555555556,0.18518518518518517,0.2222222222222222
Ultra Nerd,Vanuatu,0,0,1,0,0,1,0.0,0.0,1.0,0.0,0.0
Ultra Nerd,Venezuela,19,7,40,12,10,88,0.2159090909090909,0.07954545454545454,0.45454545454545453,0.13636363636363635,0.11363636363636363
Ultra Nerd,Vietnam,0,2,9,2,4,17,0.0,0.11764705882352941,0.5294117647058824,0.11764705882352941,0.23529411764705882
Ultra Nerd,"Virgin Islands, U.S.",0,0,1,0,0,1,0.0,0.0,1.0,0.0,0.0
Ultra Nerd,Yemen,0,0,1,0,0,1,0.0,0.0,1.0,0.0,0.0
Ultra Nerd,Zambia,1,0,1,0,0,2,0.5,0.0,0.5,0.0,0.0
Ultra Nerd,Zimbabwe,1,1,2,0,1,5,0.2,0.2,0.4,0.0,0.2
